Jahr;Einkommen (Mrd Euro);Einkommen pro Person (Jahr);Einkommen pro Person (Monat)
2024;2506.26;30119.69715178464;2509.97
2023;2404.6;28897.968994111285;2408.16
2022;2249.79;27037.495493330127;2253.12
2021;2085.19;25059.36786443937;2088.28
2020;2025.37;24340.463886552097;2028.37
2019;2022.06;24300.685013820454;2025.06
2018;1973.78;23720.46629010936;1976.71
